﻿<?xml version="1.0" encoding="utf-8"?>
<ApplicationLog>
  <User Name="admin" LoginTime="2/11/2019 12:07:02 AM" />
  <User Name="sonti" LoginTime="2/11/2019 12:14:29 AM" />
  <User Name="admin" LoginTime="2/12/2019 5:31:34 PM" />
  <User Name="admin" LoginTime="2/17/2019 8:58:02 PM" />
  <User Name="admin" LoginTime="2/17/2019 9:08:12 PM" />
  <User Name="admin" LoginTime="2/17/2019 9:08:26 PM" />
  <User Name="admin" LoginTime="2/17/2019 9:08:46 PM" />
  <User Name="admin" LoginTime="2/17/2019 9:15:26 PM" />
  <User Name="admin" LoginTime="2/17/2019 9:17:42 PM" />
  <User Name="admin" LoginTime="2/17/2019 9:18:03 PM" />
  <User Name="admin" LoginTime="2/17/2019 9:32:24 PM" />
  <User Name="admin" LoginTime="2/17/2019 9:32:30 PM" />
  <User Name="admin" LoginTime="2/18/2019 9:38:06 AM" />
  <User Name="admin" LoginTime="2/18/2019 9:39:47 AM" />
  <User Name="admin" LoginTime="2/18/2019 9:46:32 AM" />
  <User Name="admin" LoginTime="2/18/2019 9:55:27 AM" />
  <User Name="admin" LoginTime="2/18/2019 11:55:26 AM" />
  <User Name="admin" LoginTime="2/18/2019 4:44:22 PM" />
  <User Name="admin" LoginTime="2/18/2019 4:45:26 PM" />
  <User Name="admin" LoginTime="2/18/2019 5:08:49 PM" />
  <User Name="admin" LoginTime="2/18/2019 5:12:10 PM" />
  <User Name="admin" LoginTime="2/18/2019 5:35:33 PM" />
  <User Name="admin" LoginTime="2/18/2019 6:10:08 PM" />
  <User Name="admin" LoginTime="2/19/2019 9:54:06 AM" />
  <User Name="admin" LoginTime="2/19/2019 3:17:08 PM" />
  <User Name="admin" LoginTime="2/19/2019 9:48:28 PM" />
  <User Name="admin" LoginTime="2/19/2019 3:43:10 PM" />
  <User Name="admin" LoginTime="2/19/2019 3:44:20 PM" />
  <User Name="admin" LoginTime="2/19/2019 3:54:58 PM" />
  <User Name="admin" LoginTime="2/19/2019 3:56:14 PM" />
  <User Name="admin" LoginTime="2/19/2019 3:58:22 PM" />
  <User Name="admin" LoginTime="2/19/2019 3:58:26 PM" />
  <User Name="admin" LoginTime="2/19/2019 4:12:57 PM" />
  <User Name="admin" LoginTime="2/19/2019 5:57:39 PM" />
  <User Name="admin" LoginTime="2/19/2019 5:58:46 PM" />
  <User Name="admin" LoginTime="2/19/2019 6:13:11 PM" />
  <User Name="admin" LoginTime="2/19/2019 6:15:51 PM" />
  <User Name="admin" LoginTime="2/19/2019 6:16:41 PM" />
  <User Name="admin" LoginTime="2/19/2019 6:17:46 PM" />
  <User Name="admin" LoginTime="2/19/2019 6:19:46 PM" />
  <User Name="admin" LoginTime="2/19/2019 6:21:50 PM" />
  <User Name="admin" LoginTime="2/19/2019 6:23:35 PM" />
  <User Name="admin" LoginTime="2/19/2019 6:26:15 PM" />
  <User Name="admin" LoginTime="2/19/2019 6:28:41 PM" />
  <User Name="admin" LoginTime="2/19/2019 6:35:28 PM" />
  <User Name="admin" LoginTime="2/19/2019 6:37:49 PM" />
  <User Name="admin" LoginTime="2/19/2019 6:39:11 PM" />
  <User Name="admin" LoginTime="2/19/2019 6:52:26 PM" />
  <User Name="admin" LoginTime="2/19/2019 8:42:30 PM" />
  <User Name="admin" LoginTime="2/19/2019 8:44:22 PM" />
  <User Name="admin" LoginTime="2/19/2019 8:53:41 PM" />
  <User Name="admin" LoginTime="2/19/2019 8:55:58 PM" />
  <User Name="admin" LoginTime="2/19/2019 8:56:09 PM" />
  <User Name="admin" LoginTime="2/19/2019 9:01:42 PM" />
</ApplicationLog>