﻿<?xml version="1.0" encoding="utf-8"?>
<Channels>  
	<Channel ChannelId="1" ChannelName="STAR PACK" DisplaySeq="1" MonthlyCharges="49" />
	<Channel ChannelId="2" ChannelName="ZEE PACK" DisplaySeq="2" MonthlyCharges="39" />
	<Channel ChannelId="3" ChannelName="SONY" DisplaySeq="3" MonthlyCharges="31" />
	<Channel ChannelId="4" ChannelName="COLORS" DisplaySeq="4" MonthlyCharges="22" />
	<Channel ChannelId="5" ChannelName="DISCOVERY" DisplaySeq="5" MonthlyCharges="8" />
	<Channel ChannelId="6" ChannelName="TURNER" DisplaySeq="6" MonthlyCharges="4.25" />
	<Channel ChannelId="7" ChannelName="AAJ TAK" DisplaySeq="7" MonthlyCharges="0.5" />
	<Channel ChannelId="8" ChannelName="DISNEY" DisplaySeq="8" MonthlyCharges="10" />
	<Channel ChannelId="9" ChannelName="SONY SPORT" DisplaySeq="9" MonthlyCharges="39" />
	<Channel ChannelId="10" ChannelName="PACK 154" DisplaySeq="10" MonthlyCharges="151" />
	<Channel ChannelId="11" ChannelName="PACK 242" DisplaySeq="11" MonthlyCharges="242" />
	<Channel ChannelId="12" ChannelName="PACK 307" DisplaySeq="12" MonthlyCharges="307" />
	<Channel ChannelId="13" ChannelName="PACK 419" DisplaySeq="13" MonthlyCharges="419" />
	<Channel ChannelId="14" ChannelName="PACK 502" DisplaySeq="14" MonthlyCharges="502" />
	<Channel ChannelId="15" ChannelName="ZEE" DisplaySeq="15" MonthlyCharges="19" />
	<Channel ChannelId="16" ChannelName="&amp;TV" DisplaySeq="16" MonthlyCharges="12" />
	<Channel ChannelId="17" ChannelName="ZEE ANMOL" DisplaySeq="17" MonthlyCharges="0.10" />
	<Channel ChannelId="18" ChannelName="ZE MAGIC" DisplaySeq="18" MonthlyCharges="0.10" />
	<Channel ChannelId="19" ChannelName="ZE CINEMA" DisplaySeq="19" MonthlyCharges="19" />
	<Channel ChannelId="20" ChannelName="&amp;PIC" DisplaySeq="20" MonthlyCharges="10" />
	<Channel ChannelId="21" ChannelName="ZEE BOLYW" DisplaySeq="21" MonthlyCharges="2" />
	<Channel ChannelId="22" ChannelName="ZEE ACTION" DisplaySeq="22" MonthlyCharges="1" />
	<Channel ChannelId="23" ChannelName="ZEE NEWS" DisplaySeq="23" MonthlyCharges="0.10" />
	<Channel ChannelId="24" ChannelName="ZEE HINDSTUAN" DisplaySeq="24" MonthlyCharges="0.10" />
	<Channel ChannelId="25" ChannelName="ZEE BUSSINES" DisplaySeq="25" MonthlyCharges="0.10" />
	<Channel ChannelId="26" ChannelName="ZE ETC" DisplaySeq="26" MonthlyCharges="0.10" />
	<Channel ChannelId="27" ChannelName="ZING" DisplaySeq="27" MonthlyCharges="0.10" />
	<Channel ChannelId="28" ChannelName="ZEE SALAM" DisplaySeq="28" MonthlyCharges="0.00" />
	<Channel ChannelId="29" ChannelName="ZE CAFÉ" DisplaySeq="29" MonthlyCharges="0.00" />
	<Channel ChannelId="30" ChannelName="&amp;FLIX" DisplaySeq="30" MonthlyCharges="0.00" />
	<Channel ChannelId="31" ChannelName="WION" DisplaySeq="31" MonthlyCharges="0.00" />
	<Channel ChannelId="32" ChannelName="ZEE BANGLA" DisplaySeq="32" MonthlyCharges="19" />
	<Channel ChannelId="33" ChannelName="ZEE BANGLA CENMA" DisplaySeq="33" MonthlyCharges="5" />
	<Channel ChannelId="34" ChannelName="BIG GANGA" DisplaySeq="34" MonthlyCharges="0.50" />
	<Channel ChannelId="35" ChannelName="ZE BHIAR" DisplaySeq="35" MonthlyCharges="0.00" />
	<Channel ChannelId="36" ChannelName="ZEE UP" DisplaySeq="36" MonthlyCharges="0.00" />
	<Channel ChannelId="37" ChannelName="ETV" DisplaySeq="37" MonthlyCharges="0.00" />
	<Channel ChannelId="38" ChannelName="E TV ANDRA P" DisplaySeq="38" MonthlyCharges="0.00" />
	<Channel ChannelId="39" ChannelName="CN" DisplaySeq="39" MonthlyCharges="0.00" />
	<Channel ChannelId="40" ChannelName="POGO" DisplaySeq="40" MonthlyCharges="4.25" />
	<Channel ChannelId="41" ChannelName="WB" DisplaySeq="41" MonthlyCharges="0.00" />
	<Channel ChannelId="42" ChannelName="HBO" DisplaySeq="42" MonthlyCharges="0.00" />
	<Channel ChannelId="43" ChannelName="CNN ENT" DisplaySeq="43" MonthlyCharges="0.00" />
	<Channel ChannelId="44" ChannelName="AXN" DisplaySeq="44" MonthlyCharges="0.00" />
	<Channel ChannelId="45" ChannelName="SET MAX" DisplaySeq="45" MonthlyCharges="15" />
	<Channel ChannelId="46" ChannelName="MAX2" DisplaySeq="46" MonthlyCharges="1" />
	<Channel ChannelId="47" ChannelName="MIX" DisplaySeq="47" MonthlyCharges="1" />
	<Channel ChannelId="48" ChannelName="SAB" DisplaySeq="48" MonthlyCharges="19" />
	<Channel ChannelId="49" ChannelName="SIX" DisplaySeq="49" MonthlyCharges="0.00" />
	<Channel ChannelId="50" ChannelName="PAL" DisplaySeq="50" MonthlyCharges="1" />
	<Channel ChannelId="51" ChannelName="ESPN" DisplaySeq="51" MonthlyCharges="5" />
	<Channel ChannelId="52" ChannelName="BBC EARTH" DisplaySeq="52" MonthlyCharges="4" />
	<Channel ChannelId="53" ChannelName="TEN1" DisplaySeq="53" MonthlyCharges="0.00" />
	<Channel ChannelId="54" ChannelName="TEN2" DisplaySeq="54" MonthlyCharges="15" />
	<Channel ChannelId="55" ChannelName="TEN3" DisplaySeq="55" MonthlyCharges="17" />
	<Channel ChannelId="56" ChannelName="COLOR" DisplaySeq="56" MonthlyCharges="19" />
	<Channel ChannelId="57" ChannelName="COLOR INFINITY" DisplaySeq="57" MonthlyCharges="0.00" />
	<Channel ChannelId="58" ChannelName="HISTORY" DisplaySeq="58" MonthlyCharges="3" />
	<Channel ChannelId="59" ChannelName="FYI18" DisplaySeq="59" MonthlyCharges="0.25" />
	<Channel ChannelId="60" ChannelName="COMEDI CENTREAL" DisplaySeq="60" MonthlyCharges="0.00" />
	<Channel ChannelId="61" ChannelName="NICK" DisplaySeq="61" MonthlyCharges="6" />
	<Channel ChannelId="62" ChannelName="NICK JR" DisplaySeq="62" MonthlyCharges="1" />
	<Channel ChannelId="63" ChannelName="CNBC 18" DisplaySeq="63" MonthlyCharges="0.00" />
	<Channel ChannelId="64" ChannelName="MTV" DisplaySeq="64" MonthlyCharges="3" />
	<Channel ChannelId="65" ChannelName="CNN NEWS 18" DisplaySeq="65" MonthlyCharges="0.50" />
	<Channel ChannelId="66" ChannelName="AWAZ" DisplaySeq="66" MonthlyCharges="0.00" />
	<Channel ChannelId="67" ChannelName="VH1" DisplaySeq="67" MonthlyCharges="0.00" />
	<Channel ChannelId="68" ChannelName="RISHETY" DisplaySeq="68" MonthlyCharges="3" />
	<Channel ChannelId="69" ChannelName="MTV BETS" DisplaySeq="69" MonthlyCharges="0.50" />
	<Channel ChannelId="70" ChannelName="CN BAZAR" DisplaySeq="70" MonthlyCharges="0.00" />
	<Channel ChannelId="71" ChannelName="N 18 LOKMAT" DisplaySeq="71" MonthlyCharges="0.00" />
	<Channel ChannelId="72" ChannelName="N18 BIHAR" DisplaySeq="72" MonthlyCharges="0.25" />
	<Channel ChannelId="73" ChannelName="A PLANET" DisplaySeq="73" MonthlyCharges="4" />
	<Channel ChannelId="74" ChannelName="TLC" DisplaySeq="74" MonthlyCharges="2" />
	<Channel ChannelId="75" ChannelName="D KIDS" DisplaySeq="75" MonthlyCharges="0.00" />
	<Channel ChannelId="76" ChannelName="D SPORT" DisplaySeq="76" MonthlyCharges="0.00" />
	<Channel ChannelId="77" ChannelName="D JEET" DisplaySeq="77" MonthlyCharges="0.00" />
	<Channel ChannelId="78" ChannelName="DIC SCI" DisplaySeq="78" MonthlyCharges="0.00" />
	<Channel ChannelId="79" ChannelName="DIC TURBO" DisplaySeq="79" MonthlyCharges="0.00" />
	<Channel ChannelId="80" ChannelName="STAR PLUS" DisplaySeq="80" MonthlyCharges="19" />
	<Channel ChannelId="81" ChannelName="STAR BHARAT" DisplaySeq="81" MonthlyCharges="10" />
	<Channel ChannelId="82" ChannelName="STAR GOLD" DisplaySeq="82" MonthlyCharges="8" />
	<Channel ChannelId="83" ChannelName="S G SELECT" DisplaySeq="83" MonthlyCharges="0.00" />
	<Channel ChannelId="84" ChannelName="STAR JALSHA" DisplaySeq="84" MonthlyCharges="0.00" />
	<Channel ChannelId="85" ChannelName="S PRAVA" DisplaySeq="85" MonthlyCharges="0.00" />
	<Channel ChannelId="86" ChannelName="MAA TV" DisplaySeq="86" MonthlyCharges="0.00" />
	<Channel ChannelId="87" ChannelName="MAA MOVIE" DisplaySeq="87" MonthlyCharges="0.00" />
	<Channel ChannelId="88" ChannelName="ASIANET" DisplaySeq="88" MonthlyCharges="0.00" />
	<Channel ChannelId="89" ChannelName="ASIA N MOV" DisplaySeq="89" MonthlyCharges="0.00" />
	<Channel ChannelId="90" ChannelName="STAR MOVIE" DisplaySeq="90" MonthlyCharges="12" />
	<Channel ChannelId="91" ChannelName="STAR WORLD" DisplaySeq="91" MonthlyCharges="0.00" />
	<Channel ChannelId="92" ChannelName="STAR SPORT1 " DisplaySeq="92" MonthlyCharges="0.00" />
	<Channel ChannelId="93" ChannelName="SS1 HINDI" DisplaySeq="93" MonthlyCharges="19" />
	<Channel ChannelId="94" ChannelName="SSS1 HINDI" DisplaySeq="94" MonthlyCharges="19" />
	<Channel ChannelId="95" ChannelName="STAR S SELECT 2" DisplaySeq="95" MonthlyCharges="7" />
	<Channel ChannelId="96" ChannelName="STAR USTAV" DisplaySeq="96" MonthlyCharges="1" />
	<Channel ChannelId="97" ChannelName="MOVIE OK" DisplaySeq="97" MonthlyCharges="1" />
	<Channel ChannelId="98" ChannelName="STAR UTSAV MOVIE" DisplaySeq="98" MonthlyCharges="1" />
	<Channel ChannelId="99" ChannelName="JALSA MOVIE" DisplaySeq="99" MonthlyCharges="0.00" />
	<Channel ChannelId="100" ChannelName="STAR SPORT 2" DisplaySeq="100" MonthlyCharges="6" />
	<Channel ChannelId="101" ChannelName="STAR SPORT 3" DisplaySeq="101" MonthlyCharges="4" />
	<Channel ChannelId="102" ChannelName="STAR SPORT FRIST" DisplaySeq="102" MonthlyCharges="0.00" />
	<Channel ChannelId="103" ChannelName="FOX LIFE" DisplaySeq="103" MonthlyCharges="1" />
	<Channel ChannelId="104" ChannelName="NG" DisplaySeq="104" MonthlyCharges="2" />
	<Channel ChannelId="105" ChannelName="NG WILD" DisplaySeq="105" MonthlyCharges="1" />
	<Channel ChannelId="106" ChannelName="SONIC" DisplaySeq="106" MonthlyCharges="2" />
	<Channel ChannelId="107" ChannelName="NW18 UP" DisplaySeq="107" MonthlyCharges="0.25" />
	<Channel ChannelId="108" ChannelName="RISTHEY" DisplaySeq="108" MonthlyCharges="3" />
	<Channel ChannelId="109" ChannelName="NW18" DisplaySeq="109" MonthlyCharges="1" />
	<Channel ChannelId="110" ChannelName="DISNEY JUNER" DisplaySeq="110" MonthlyCharges="0.00" />
	<Channel ChannelId="111" ChannelName="UTV MOVIE" DisplaySeq="111" MonthlyCharges="2" />
	<Channel ChannelId="112" ChannelName="BINDASS" DisplaySeq="112" MonthlyCharges="1" />
	<Channel ChannelId="113" ChannelName="UTV ACTION" DisplaySeq="113" MonthlyCharges="2" />
	<Channel ChannelId="114" ChannelName="HUNGAMA" DisplaySeq="114" MonthlyCharges="6" />
	<Channel ChannelId="115" ChannelName="DISNEY XD" DisplaySeq="115" MonthlyCharges="4" />
	<Channel ChannelId="116" ChannelName="TAJ" DisplaySeq="116" MonthlyCharges="0.25" />
	<Channel ChannelId="117" ChannelName="INDIA TODAY" DisplaySeq="117" MonthlyCharges="0.00" />
	<Channel ChannelId="118" ChannelName="NDTV24*7" DisplaySeq="118" MonthlyCharges="3" />
	<Channel ChannelId="119" ChannelName="ND TV" DisplaySeq="119" MonthlyCharges="1" />
	<Channel ChannelId="120" ChannelName="ND TV PROFIT" DisplaySeq="120" MonthlyCharges="0.00" />
	<Channel ChannelId="121" ChannelName="GOOD TIMES" DisplaySeq="121" MonthlyCharges="0.00" />
	<Channel ChannelId="122" ChannelName="TIMES NOW" DisplaySeq="122" MonthlyCharges="3" />
	<Channel ChannelId="123" ChannelName="ET NOW" DisplaySeq="123" MonthlyCharges="0.00" />
	<Channel ChannelId="124" ChannelName="ZOOM" DisplaySeq="124" MonthlyCharges="0.00" />
	<Channel ChannelId="125" ChannelName="BBC" DisplaySeq="125" MonthlyCharges="1" />
	<Channel ChannelId="126" ChannelName="EPIC" DisplaySeq="126" MonthlyCharges="2" />
</Channels>