﻿<?xml version="1.0" encoding="utf-8"?>
<Consumers>
  <Consumer ConsumerId="1" Name="GOPAL" PhoneNo="8303609394" Area="AWAS VIKAS NO 3" Address="EWS 4165 B" STBNo="000093220820" />
  <Consumer ConsumerId="2" Name="JAY PRAKESH" PhoneNo="9044459713" Area="AWAS VIKAS" Address="1250 3RD" STBNo="000093937308" />
  <Consumer ConsumerId="3" Name="RAHUL YADAV" PhoneNo="7786951377" Area="AWAS VIKAS" Address="EWS 3287" STBNo="000092829746" />
  <Consumer ConsumerId="4" Name="ASHOK KUMAR DASS" PhoneNo="9956445954" Area="AWASVIKAS NO 3" Address="EWS 4115" STBNo="000093913788" />
  <Consumer ConsumerId="5" Name="MANOJ SHUKLA" PhoneNo="9549317756" Area="AWAS VIKAS NO 3" Address="EWS 3257" STBNo="000213383581" />
  <Consumer ConsumerId="6" Name="B N TIWARI" PhoneNo="9454386823" Area="AWAS VIKAS NO 3" Address="EWS 3259" STBNo="000092829795" />
  <Consumer ConsumerId="7" Name="ABHISHAK VERMA" PhoneNo="9792970026" Area="AWAS VIKAS  NO3" Address="LIG 1563" STBNo="000093914968" />
  <Consumer ConsumerId="8" Name="AKHIL KUMAR TIWARI" PhoneNo="9616938992" Area="AWAS VIKAS NO 3" Address="EWS 4856" STBNo="000213983554" />
  <Consumer ConsumerId="9" Name="ASHWANI" PhoneNo="9793290672" Area="AWAS VIKAS NO 3" Address="LIG 2120" STBNo="000093264356" />
  <Consumer ConsumerId="10" Name="ASHWANI" PhoneNo="9793298672" Area="AWAS VIKAS NO 3" Address="LIG 2120B" STBNo="000100759463" />
  <Consumer ConsumerId="11" Name="OM PRAKESH PAL" PhoneNo="9889510441" Area="AWAS VIKAS NO 3" Address="EWS 2480" STBNo="000093915841" />
  <Consumer ConsumerId="12" Name="GAJENDRA SINGH" PhoneNo="8858916390" Area="AWAS VIKAS NO 3" Address="EWS 4191" STBNo="000009515040" />
  <Consumer ConsumerId="13" Name="DINESH KUMAR" PhoneNo="9935807749" Area="MAHABALIPURAM" Address="MIG 2-75" STBNo="000082410762" />
  <Consumer ConsumerId="14" Name="GIRESH CHAND" PhoneNo="9936468380" Area="AMBDEKARPURAM" Address="SEC 7/108" STBNo="000093267516" />
  <Consumer ConsumerId="15" Name="PRADEEP KUSHWAHA" PhoneNo="9450140863" Area="AWAS VIKAS NO 3" Address="EWS 5101" STBNo="000093963262" />
  <Consumer ConsumerId="16" Name="R P SINGH" PhoneNo="9615627445" Area="AWAS VIKAS NO 3" Address="EWS 2512" STBNo="000093251478" />
  <Consumer ConsumerId="17" Name="S N MISHRA" PhoneNo="8960807337" Area="AWAS VIKAS  NO 3" Address="LIG 1392" STBNo="000093919215" />
  <Consumer ConsumerId="18" Name="S N MISHRA" PhoneNo="8960807337" Area="AWASVIKAS NO 3" Address="LIG 1392 B" STBNo="000093919231" />
  <Consumer ConsumerId="19" Name="MENAKSHEE" PhoneNo="7007912433" Area="AWAS VIKAS NO 3" Address="EWS 4040" STBNo="000093913804" />
  <Consumer ConsumerId="20" Name="DHAEMEND JHA" PhoneNo="8081068646" Area="AWAS VIKAS NO 3" Address="EWS 3261" STBNo="000100744788" />
  <Consumer ConsumerId="21" Name="J N SINGH" PhoneNo="9451521325" Area="AWAS VIKAS NO 3" Address="PLOT 4478" STBNo="000100097971" />
  <Consumer ConsumerId="22" Name="JON" PhoneNo="8303437440" Area="AWAS VIKAS NO 3" Address="EWS 5119" STBNo="000093266567" />
  <Consumer ConsumerId="23" Name="RAJESH KUMAR" PhoneNo="9793481125" Area="AWAS VIKAS NO 3" Address="EWS 2902 B" STBNo="000100318989" />
  <Consumer ConsumerId="24" Name="AMIT PATEL" PhoneNo="7355220226" Area="AWAS VIKAS NO 3" Address="EWS 4458" STBNo="000092965532" />
  <Consumer ConsumerId="25" Name="RAJESH KUMAR VERMA" PhoneNo="9795111247" Area="AWAS VIKAS" Address="EWS 2967" STBNo="000093915874" />
  <Consumer ConsumerId="26" Name="NEELAM" PhoneNo="7860993191" Area="AWAS VIKAS NO 3" Address="EWS 3428" STBNo="000093145506" />
  <Consumer ConsumerId="27" Name="AMIT MISHRA" PhoneNo="8896389492" Area="AWAS VIKAS NO 3" Address="LIG 3139" STBNo="000092703297" />
  <Consumer ConsumerId="28" Name="P NSHUKLA" PhoneNo="9794428338" Area="AWAS VIKAS NO 3" Address="EWS 915" STBNo="18550F39D333" />
  <Consumer ConsumerId="29" Name="MADHURI BAJPAI" PhoneNo="9792581410" Area="MAHABALIPURAM" Address="MIG 49" STBNo="000093185262" />
  <Consumer ConsumerId="30" Name="POOJA TIWARI" PhoneNo="9415453836" Area="AWAS VIKAS NO 3" Address="EWS 3383" STBNo="000093362671" />
  <Consumer ConsumerId="31" Name="DINESH KUSHWAHER" PhoneNo="9565830623" Area="AWAS VIKAS  NO 3" Address="EWS 2437" STBNo="000100759497" />
  <Consumer ConsumerId="32" Name="MINTU ROY" PhoneNo="9721151291" Area="AWAS VIKA SNO 3" Address="EWS 4068" STBNo="000100326792" />
  <Consumer ConsumerId="33" Name="SUBHAS CHSNDRA TIWARI" PhoneNo="9198891179" Area="AWAS VIKAS NO 3" Address="EWS 4302" STBNo="000093264471" />
  <Consumer ConsumerId="34" Name="SOMEN BOSE" PhoneNo="9336218342" Area="AWAS VIKAS NO 3" Address="EWS 4163" STBNo="000093220770" />
  <Consumer ConsumerId="35" Name="RAKESH DIWEDI" PhoneNo="9936110078" Area="AWAS VIKAS NO 3" Address="EWS 4334" STBNo="000092938521" />
  <Consumer ConsumerId="36" Name="HARI OM SHRAMA" PhoneNo="9450130196" Area="AWAS VIKAS NO 3" Address="PLOT 4007 A" STBNo="000093220150" />
  <Consumer ConsumerId="37" Name="HARI SHANKAR" PhoneNo="8382074709" Area="AWAS VIKAS NO 3" Address="EWS 2878" STBNo="000100589217" />
  <Consumer ConsumerId="38" Name="NARENDER" PhoneNo="7905190024" Area="AWAS VIKAS NO 3" Address="LIG 1446" STBNo="000093961076" />
  <Consumer ConsumerId="39" Name="SUMIT YADAV" PhoneNo="9044295315" Area="AWAS VIKAS NO 3" Address="PLOT 4437" STBNo="000092705516" />
  <Consumer ConsumerId="40" Name="V N SRIVASTAV" PhoneNo="8577060552" Area="AWAS VIKAS NO 3" Address="EWS 4420" STBNo="000092721158" />
  <Consumer ConsumerId="41" Name="RAJ BAHADUR" PhoneNo="9935448374" Area="AWAS VIKAS NO 3" Address="PLOT 1685" STBNo="000100758820" />
  <Consumer ConsumerId="42" Name="YOGESH" PhoneNo="9454143599" Area="MAHABALIPURAM" Address="MIG F-25" STBNo="000093881902" />
  <Consumer ConsumerId="43" Name="VINOD KUMAR" PhoneNo="9454143599" Area="MAHABALIPURAM" Address="MIG F-25 B" STBNo="000093911840" />
  <Consumer ConsumerId="44" Name="HARE RAM YADAV" PhoneNo="9936161432" Area="AWAS VIKAS  NO 3" Address="EWS 2521" STBNo="000100096684" />
  <Consumer ConsumerId="45" Name="SHIVI TIWARI" PhoneNo="8009013126" Area="AWAS VIKAS NO 3" Address="LIG 2166" STBNo="000093091759" />
  <Consumer ConsumerId="46" Name="RAJAN BAJPAI" PhoneNo="9453438754" Area="AWAS VIKAS NO 3" Address="LIG 1363" STBNo="000093146017" />
  <Consumer ConsumerId="47" Name="AMLENDRA KUMAR RAJPUT" PhoneNo="8896528281" Area="AWAS VIKAS NO 3" Address="PLOT 4259" STBNo="000092915933" />
  <Consumer ConsumerId="48" Name="RAJU VERMA" PhoneNo="8052318134" Area="AWAS VIKAS NO 3" Address="LIG 1562" STBNo="000093915254" />
  <Consumer ConsumerId="49" Name="SUMAN LATA ROTHER" PhoneNo="9161253311" Area="AWAS VIKAS NO 3" Address="LIG 1524" STBNo="000093010239" />
  <Consumer ConsumerId="50" Name="VIDYA SINGH" PhoneNo="9559753928" Area="AWAS VIKAS NO 3" Address="LIG 1424" STBNo="000093145969" />
  <Consumer ConsumerId="51" Name="RAMESH SAVITA" PhoneNo="8799116367" Area="AWAS VIKAS NO 3" Address="EWS 4168" STBNo="000093145035" />
  <Consumer ConsumerId="52" Name="ANKIT MISHRA" PhoneNo="8953021639" Area="AWAS VIKAS NO 3" Address="PUMP NO 3" STBNo="000093287498" />
  <Consumer ConsumerId="53" Name="KAUSHAL KUMAR PAL" PhoneNo="7388489958" Area="AWAS VIKAS NO 3" Address="EWS 4368" STBNo="000093240653" />
  <Consumer ConsumerId="54" Name="HEMENDRA PAL SINGH" PhoneNo="9919025449" Area="AWAS VIKAS NO 3" Address="EWS 3569" STBNo="000093145464" />
  <Consumer ConsumerId="55" Name="RAM RAJ" PhoneNo="7706820200" Area="AWAS VIKAS NO 3" Address="LIG 1346" STBNo="000092895572" />
  <Consumer ConsumerId="56" Name="CHANDAN VISHNOY" PhoneNo="9580268114" Area="AWAS VIKAS NO 3" Address="EWS 4255" STBNo="000093264653" />
  <Consumer ConsumerId="57" Name="ANIL KUMAR TIWARI" PhoneNo="9450341258" Area="AWAS VIKAS NO 3" Address="LIG 1438" STBNo="000093909695" />
  <Consumer ConsumerId="58" Name="ADITYA PRAKESH DIWEDI" PhoneNo="7081678116" Area="AWAS VIKAS NO 3" Address="EWS 4087 B" STBNo="000092713866" />
  <Consumer ConsumerId="59" Name="SUDHA" PhoneNo="9935761254" Area="AWAS VIKAS NO 3" Address="EWS 4087" STBNo="000093248367" />
  <Consumer ConsumerId="60" Name="SONE DEVI" PhoneNo="7570915880" Area="AWAS VIKAS NO 3" Address="EWS 976" STBNo="0001006999594" />
  <Consumer ConsumerId="61" Name="RAM BABU" PhoneNo="9839747816" Area="AWAS VIKAS NO 3" Address="LIG 1148" STBNo="000213383425" />
  <Consumer ConsumerId="62" Name="O N SRIVASTAV" PhoneNo="9450844899" Area="AWAS VIKAS NO 3" Address="EWS 5076" STBNo="000213983620" />
  <Consumer ConsumerId="63" Name="DINESH KUMAR" PhoneNo="7526028284" Area="AWAS VIKAS NO 3" Address="EWS 5082" STBNo="000093145647" />
  <Consumer ConsumerId="64" Name="ADITYA KUMAR SRIVASTAV" PhoneNo="9621486700" Area="AWAS VIKAS NO 3" Address="PLOT 4008" STBNo="000100761535" />
  <Consumer ConsumerId="65" Name="GAURAV MISHRA" PhoneNo="9997064433" Area="AWAS VIKAS NO 3" Address="EWS 4304" STBNo="000093939932" />
  <Consumer ConsumerId="66" Name="RAJESH DIWEDI" PhoneNo="9807746135" Area="AWAS VIKAS NO 3" Address="EWS 3499" STBNo="000092698539" />
  <Consumer ConsumerId="67" Name="VARUNESH SINGH" PhoneNo="7007185960" Area="AWAS VIKAS N O 3" Address="LIG 1116" STBNo="000093010783" />
  <Consumer ConsumerId="68" Name="RAM NEWAL" PhoneNo="9450135022" Area="AWAS VIKAS NO 3" Address="EWS 957" STBNo="000093904779" />
  <Consumer ConsumerId="69" Name="DEVI DEEN DAS" PhoneNo="9044145180" Area="AWAS VIKAS NO 3" Address="EWS 5227" STBNo="000093251403" />
  <Consumer ConsumerId="70" Name="KAMLESH KUMAR" PhoneNo="9453561304" Area="AWAS VIKAS NO 3" Address="LIG 1444" STBNo="000093931027" />
  <Consumer ConsumerId="71" Name="VEENA DEVI" PhoneNo="7860231164" Area="AWAS VIKAS NO 3" Address="EWS 162" STBNo="0000933138647860231164" />
  <Consumer ConsumerId="72" Name="VIMAL KUMAE" PhoneNo="7607490026" Area="AWAS VIKAS NO 3" Address="EWS 2926" STBNo="000093938306" />
  <Consumer ConsumerId="73" Name="RAJESH AWASTHI" PhoneNo="9936110078" Area="AWAS VIKAS NO 3" Address="LIG 1580" STBNo="000093223659" />
  <Consumer ConsumerId="74" Name="PURAN CHAND GUPTA" PhoneNo="9935307958" Area="AWAS VIKAS NO 3" Address="EWS 5237" STBNo="000093916955" />
  <Consumer ConsumerId="75" Name="AVNISH KUMAR" PhoneNo="9005296095" Area="AWAS VIKAS NO 3" Address="EWS 5098" STBNo="000093963437" />
  <Consumer ConsumerId="76" Name="PRINSHU" PhoneNo="8707481652" Area="AWAS VIKAS NO 3" Address="EWS 5009" STBNo="000100224948" />
  <Consumer ConsumerId="77" Name="LALIT MISHRA" PhoneNo="7905587218" Area="AWAS VIKAS NO 3" Address="PLOT 3274" STBNo="000093267144" />
  <Consumer ConsumerId="78" Name="VISHU" PhoneNo="7275910878" Area="AWAS VIKAS NO 3" Address="EWS4437" STBNo="000093936441" />
  <Consumer ConsumerId="79" Name="NERAJ KUMAR MISHRA" PhoneNo="9696374743" Area="AWAS VIKAS NO 3" Address="LIG 2211" STBNo="000093939692" />
  <Consumer ConsumerId="80" Name="SATYENDRA KUMAR" PhoneNo="9766721626" Area="AWAS VIKAS NO 3" Address="EWS 3153" STBNo="000206593097" />
  <Consumer ConsumerId="81" Name="SHYAM SUNDER" PhoneNo="8726796640" Area="AWAS VIKAS NO 3" Address="PLOT 4027" STBNo="000093242659" />
  <Consumer ConsumerId="82" Name="MAMTA RAJPUT" PhoneNo="8799064946" Area="AWAS VIKAS NO 3" Address="EWS 779" STBNo="000094073749" />
  <Consumer ConsumerId="83" Name="SHRUTI SHUKLA" PhoneNo="7607059048" Area="AWAS VIKAS NO 3" Address="PLOT 5086" STBNo="000093095198" />
  <Consumer ConsumerId="84" Name="KHEM CHANDRA" PhoneNo="9415538798" Area="AWAS VIKAS NO 3" Address="EWS 4529" STBNo="000093251866" />
  <Consumer ConsumerId="85" Name="SUYAS GUPTA" PhoneNo="9415536226" Area="AWAS VIKAS NO 3" Address="PLOY 4026" STBNo="000100700392" />
  <Consumer ConsumerId="86" Name="VIRENDRA NATH MISHRA" PhoneNo="9670114646" Area="AWAS VIKAS NO 3" Address="LIG 1377" STBNo="000092915354" />
  <Consumer ConsumerId="87" Name="GAURAV MISHRA" PhoneNo="9997064433" Area="AWAS VIKAS NO 3" Address="EWS 4303" STBNo="000093939916" />
  <Consumer ConsumerId="88" Name="RAJNISH YADAV" PhoneNo="9838715530" Area="AWAS VIKAS NO 3" Address="EWS 4650" STBNo="000093935849" />
  <Consumer ConsumerId="89" Name="RAHUL" PhoneNo="9335954145" Area="AWAS VIKAS NO 3" Address="EWS 561" STBNo="000093314177" />
  <Consumer ConsumerId="90" Name="AMIT TIWARI" PhoneNo="9026659565" Area="AWAS VIKAS NO 3" Address="EWS 4085" STBNo="000093248334" />
  <Consumer ConsumerId="91" Name="RAJENDRA KUMAR" PhoneNo="8840350617" Area="AWAS VIKAS NO 3" Address="EWS 4372" STBNo="000093264448" />
  <Consumer ConsumerId="92" Name="PRISHANT" PhoneNo="9935689583" Area="AWAS VIKAS NO 3" Address="EWS 4545" STBNo="000092915545" />
  <Consumer ConsumerId="93" Name="K P SINGH" PhoneNo="9559272183" Area="AWAS VIKAS NO 3" Address="EWS 4303" STBNo="000093873693" />
  <Consumer ConsumerId="94" Name="VRINDER YADAV" PhoneNo="7380922687" Area="AWAS VIKAS NO 3" Address="EWS 5096" STBNo="000093917201" />
  <Consumer ConsumerId="95" Name="D D SINGH" PhoneNo="9621256733" Area="AWAS VIKAS NO 3" Address="LIG 1638" STBNo="000093009637" />
  <Consumer ConsumerId="96" Name="SATYA PRAKESH" PhoneNo="8738980545" Area="AWAS VIKAS NO 3" Address="EWS 4748" STBNo="000092916147" />
  <Consumer ConsumerId="97" Name="BHRIGUNATH SHAHI" PhoneNo="9198936173" Area="AWAS VIKAS NO 3" Address="LIG 3133" STBNo="000093250538" />
  <Consumer ConsumerId="98" Name="BHRIGUNATH SHAHI" PhoneNo="9198036173" Area="AWAS VIKAS NO 3" Address="LIG 3133B" STBNo="000092703107" />
  <Consumer ConsumerId="99" Name="AJAY KUMAR MISHRA" PhoneNo="6386921014" Area="AWAS VIKAS NO 3" Address="PLOT 3267" STBNo="000093164267" />
  <Consumer ConsumerId="100" Name="ANIL SONKAR" PhoneNo="9335298667" Area="AWAS VIKAS NO 3" Address="LIG 1244" STBNo="000093148039" />
  <Consumer ConsumerId="101" Name="GAYROV SRIVASTAV" PhoneNo="9307302719" Area="AWAS VIKAS NO 3" Address="PLOT 3547" STBNo="000093095164" />
  <Consumer ConsumerId="102" Name="RAJESH" PhoneNo="7233816379" Area="AWAS VIKAS NO 3" Address="EWS 553" STBNo="000093938702" />
  <Consumer ConsumerId="103" Name="JITENDRA AGNITORI" PhoneNo="8960982809" Area="AWAS VIKAS NO 3" Address="EWS 4865" STBNo="000093356152" />
  <Consumer ConsumerId="104" Name="MANISH AWASTHI" PhoneNo="8756221063" Area="AWAS VIKA SNO 3" Address="EWS 4676" STBNo="000093906246" />
  <Consumer ConsumerId="105" Name="SANJAY KSHATRIYA" PhoneNo="9839572924" Area="AWAS VIKA SNO 3" Address="EWS 4433" STBNo="000092825108" />
  <Consumer ConsumerId="106" Name="ARBIND" PhoneNo="9956316766" Area="AWAS VIKAS  NO 3" Address="EWS 3464" STBNo="000093873990" />
  <Consumer ConsumerId="107" Name="AKHILESH PAL" PhoneNo="9793997001" Area="AWAS VIKAS NO 3" Address="EWS 4032" STBNo="000092938463" />
  <Consumer ConsumerId="108" Name="JEET NARAYAN" PhoneNo="9198105545" Area="AWAS VIKAS  NO 3" Address="EWS 3435" STBNo="000093897635" />
  <Consumer ConsumerId="109" Name="ADARSH KUMAR" PhoneNo="8604714978" Area="AWAS VIKAS  NO 3" Address="EWS 4412" STBNo="000093956670" />
  <Consumer ConsumerId="110" Name="MAMTA" PhoneNo="9984724730" Area="AWAS VIKAS  NO 3" Address="EWS 4930" STBNo="000093939312" />
  <Consumer ConsumerId="111" Name="SUNIL KUMAR" PhoneNo="9839903272" Area="AWAS VIKAS  NO 3" Address="EWS 4273" STBNo="000093360071" />
  <Consumer ConsumerId="112" Name="VANDANA" PhoneNo="7007851622" Area="AWAS VIKAS  NO 3" Address="EWS 4744" STBNo="000092916105" />
  <Consumer ConsumerId="113" Name="ARUNESH KUMAE SHULKA" PhoneNo="9598703304" Area="AWAS VIKAS  NO 3" Address="EWS 1023" STBNo="000092824036" />
  <Consumer ConsumerId="114" Name="MAHESH CHANDRA SONI" PhoneNo="9839745331" Area="AWAS VIKAS  NO 3" Address="LIG 1621" STBNo="000093909869" />
  <Consumer ConsumerId="115" Name="JYOTI NISHAD" PhoneNo="7309117603" Area="AWAS VIKAS  NO 3" Address="EWS 4864" STBNo="000092913748" />
  <Consumer ConsumerId="116" Name="RAJU VERMA" PhoneNo="9792970026" Area="AWAS VIKAS  NO3" Address="LIG1563B" STBNo="000093148732" />
  <Consumer ConsumerId="117" Name="ALOK KUMAR" PhoneNo="9310110201" Area="ARMAPUR ESTATE" Address="DT-43" STBNo="0000208692988" />
  <Consumer ConsumerId="118" Name="GIRJESH MATHUR" PhoneNo="9415213589" Area="ARMAPUR ESTATE" Address="DT-11" STBNo="000093251346" />
  <Consumer ConsumerId="119" Name="K K MAURYA" PhoneNo="9415213632" Area="ARMAPUR ESTATE" Address="DT-8" STBNo="000093939320" />
  <Consumer ConsumerId="120" Name="MANORAMA YADAV" PhoneNo="9451544400" Area="AWAS VIKAS  NO 3" Address="LIG 1401" STBNo="000093893113" />
  <Consumer ConsumerId="121" Name="HEERA LAL" PhoneNo="9453046955" Area="AWAS VIKAS  NO 3" Address="LIH 1396" STBNo="000093909885" />
  <Consumer ConsumerId="122" Name="HARISHANKAR" PhoneNo="9793049988" Area="AWAS VIKAS  NO 3" Address="2090" STBNo="92709179" />
  <Consumer ConsumerId="123" Name="SHIVVARAN VERMA" PhoneNo="8874997733" Area="AMBDEKARPURAM" Address="115/872" STBNo="000206201501" />
  <Consumer ConsumerId="124" Name="HARISHANKAR" PhoneNo="9919398042" Area="AWAS VIKA SNO 3" Address="872/92" STBNo="000093871102" />
  <Consumer ConsumerId="125" Name="PRADEEP KUMAR" PhoneNo="9935103667" Area="AWAS VIKA SNO 3" Address="2407" STBNo="93938595" />
  <Consumer ConsumerId="126" Name="RAKESH KUMAR" PhoneNo="9839126269" Area="AWAS VIKAS  NO 3" Address="2382" STBNo="93938587" />
  <Consumer ConsumerId="127" Name="HEERA LAL" PhoneNo="9453046955" Area="AWAS VIKAS  NO 3" Address="LIG 1396 B" STBNo="000093882777" />
  <Consumer ConsumerId="128" Name="HARI SHANKAR" PhoneNo="9919398042" Area="AMBDEKERPURAM" Address="872/92" STBNo="000043871102" />
  <Consumer ConsumerId="129" Name="RADHEY SHYAM PAL" PhoneNo="8853002202" Area="000092912179" Address="EWS 3359" STBNo="000092912179" />
  <Consumer ConsumerId="130" Name="B C TIWARI" PhoneNo="9450938160" Area="AWAS VIKAS  NO 3" Address="LIG 1195" STBNo="000093095719" />
  <Consumer ConsumerId="131" Name="PREM PRAKESH DIWEDI" PhoneNo="9628782377" Area="AWAS VIKAS  NO 3" Address="LIG 1629" STBNo="000093963239" />
  <Consumer ConsumerId="132" Name="DRIGANCHAL SRIVASTAV" PhoneNo="9839117378" Area="AWAS VIKAS  NO 3" Address="LIG 1407" STBNo="000093918894" />
  <Consumer ConsumerId="133" Name="PAYARE LAL PAL" PhoneNo="7800290499" Area="AWAS VIKAS  NO 3" Address="PUMP NO 3" STBNo="000093223683" />
  <Consumer ConsumerId="134" Name="SANDHYA AWASTHI" PhoneNo="8765380885" Area="AWAS VIKAS  NO 3" Address="LIG 1634" STBNo="000100698463" />
  <Consumer ConsumerId="135" Name="TRIBHUVAN DIXIT" PhoneNo="9935759732" Area="AWAS VIKAS NO 3" Address="PLOT 1507" STBNo="000093961217" />
  <Consumer ConsumerId="136" Name="PREAM SHANKAR DIXIT" PhoneNo="9839541582" Area="AWAS VIKAS  NO 3" Address="PLOT 1507" STBNo="000093961275" />
  <Consumer ConsumerId="137" Name="MEENA" PhoneNo="8090811636" Area="AWAS VIKAS  NO 3" Address="PLOT 1578" STBNo="000092965466" />
  <Consumer ConsumerId="138" Name="DEEPAK SINGH" PhoneNo="9198412792" Area="AWAS VIKAS NO 3" Address="LIG 1493" STBNo="000093961134" />
  <Consumer ConsumerId="139" Name="BHAWANA" PhoneNo="8707881107" Area="AWAS VIKAS NO 3" Address="LIG 1189" STBNo="000093917011" />
  <Consumer ConsumerId="140" Name="Y N KAMAL" PhoneNo="8005384185" Area="AWAS VIKAS  NO 3" Address="LIG 1633" STBNo="000093223576" />
  <Consumer ConsumerId="141" Name="PANKAJ TIWARI" PhoneNo="9919765277" Area="AWAS VIKAS  NO 3" Address="LIG 1195 B" STBNo="000093095560" />
  <Consumer ConsumerId="142" Name="ANIL KAPUR" PhoneNo="9695961647" Area="AWAS VIKAS  NO 3" Address="PLOT N0. 1686" STBNo="00100699776" />
  <Consumer ConsumerId="143" Name="AMIT KUMAR MISHRA" PhoneNo="6393606316" Area="AWAS VIKAS  NO 3" Address="L.I.G. 1513" STBNo="000100604651" />
  <Consumer ConsumerId="144" Name="AMIT KURMAR MISHRA" PhoneNo="9918716842" Area="AWAS VIKAS  NO 3" Address="L.I.G. 1513" STBNo="000093964195" />
  <Consumer ConsumerId="145" Name="AMIT KUMAR MISHRA" PhoneNo="9918716842" Area="AWAS VIKAS  NO 3" Address="L.I.G. 1513 C" STBNo="000093909836" />
  <Consumer ConsumerId="146" Name="AMIT KUMAR MISHRA" PhoneNo="9918716842" Area="AWAS VIKAS  NO 3" Address="L.I.G. 1513 D" STBNo="000092912187" />
  <Consumer ConsumerId="147" Name="BEERENELRA KUMAR SINGH" PhoneNo="9415289556" Area="AWAS VIKAS  NO 3" Address="LIG. 1279" STBNo="000093962298" />
  <Consumer ConsumerId="148" Name="RADHEY SHYAM" PhoneNo="9696605332" Area="AWAS VIKAS  NO 3" Address="LIG-1339" STBNo="000093909844" />
  <Consumer ConsumerId="149" Name="ANUP KUMAR" PhoneNo="9044362139" Area="AWAS VIKAS  NO 3" Address="1105" STBNo="000100744358" />
  <Consumer ConsumerId="150" Name="DHANAJAY KUMAR" PhoneNo="9140687230" Area="AWAS VIKAS  NO 3" Address="LIG-1298" STBNo="000100225747" />
  <Consumer ConsumerId="151" Name="ABHASHEK KUMAR" PhoneNo="9792970026" Area="AWAS VIKAS  NO 3" Address="LIG-153" STBNo="0000093914368" />
  <Consumer ConsumerId="152" Name="JAYPRAKASH" PhoneNo="9044459713" Area="AWAS VIKAS  NO 3" Address="H. NO. 1250" STBNo="000093937308" />
  <Consumer ConsumerId="153" Name="SARI SHANKAR" PhoneNo="9919398042" Area="AWAS VIKAS  NO 3" Address="872/92" STBNo="000043871102" />
  <Consumer ConsumerId="154" Name="MEENA ROHATG" PhoneNo="8090811636" Area="AWAS VIKAS  NO 3" Address="PLOT NO. 1578" STBNo="000092965466" />
  <Consumer ConsumerId="155" Name="BHAWANA" PhoneNo="8707881107" Area="AWAS VIKAS  NO 3" Address="LIG-1182" STBNo="000093917011" />
  <Consumer ConsumerId="156" Name="MR. Y.N.KAMAL" PhoneNo="8005384185" Area="AWAS VIKAS  NO 3" Address="LIG-1633" STBNo="000093223576" />
  <Consumer ConsumerId="157" Name="TRIBHUVAN DIXIT" PhoneNo="9935759732" Area="AWAS VIKAS  NO 3" Address="PIOT NO. 1507" STBNo="000093961217" />
  <Consumer ConsumerId="158" Name="SANDHYA AWASTHI" PhoneNo="8765380885" Area="AWAS VIKAS  NO 3" Address="LIG-1634" STBNo="0000100698463" />
  <Consumer ConsumerId="159" Name="PAYARELAL PAL" PhoneNo="7800290499" Area="AWAS VIKAS  NO 3" Address="PUMP NO.3" STBNo="000093223683" />
  <Consumer ConsumerId="160" Name="HARI OM SHARMA" PhoneNo="9450130196" Area="AWAS VIKAS  NO 3" Address="PLOT NO. 4007" STBNo="000093220150" />
  <Consumer ConsumerId="161" Name="RAMESH DNSVAL" PhoneNo="9936110078" Area="AWAS VIKAS  NO 3" Address="4334" STBNo="000092938521" />
  <Consumer ConsumerId="162" Name="SOVMEN BOSE" PhoneNo="9336218342" Area="AWAS VIKAS  NO 3" Address="EWS-4163" STBNo="000093220770" />
  <Consumer ConsumerId="163" Name="SUBHASH CHANDRA TIWARI" PhoneNo="9198897179" Area="AWAS VIKAS  NO 3" Address="EWS-4302" STBNo="000093264471" />
  <Consumer ConsumerId="164" Name="MRS. MINUTI ROY" PhoneNo="9721151291" Area="AWAS VIKAS  NO 3" Address="E-4068" STBNo="000100326792" />
  <Consumer ConsumerId="165" Name="SUMIT YADAV" PhoneNo="9044295315" Area="AWAS VIKAS  NO 3" Address="PLOT NO. 4437" STBNo="000092705516" />
  <Consumer ConsumerId="166" Name="VIRENDRA NATH SRIVASTAVA" PhoneNo="8577060552" Area="AWAS VIKAS  NO 3" Address="EWS-4420" STBNo="000092721158" />
  <Consumer ConsumerId="167" Name="SATYA PRAKASH" PhoneNo="8738980545" Area="AWAS VIKAS  NO 3" Address="EWS-4748" STBNo="000092916147" />
  <Consumer ConsumerId="168" Name="REJENDRA KUMAR" PhoneNo="8840350617" Area="AWAS VIKAS  NO 3" Address="4372" STBNo="000093264448" />
  <Consumer ConsumerId="169" Name="PRASHANT" PhoneNo="9935689583" Area="AWAS VIKAS  NO 3" Address="4545" STBNo="000092915545" />
  <Consumer ConsumerId="170" Name="KUWAR PAL SINGH" PhoneNo="9559272183" Area="AWAS VIKAS  NO 3" Address="EWS-4303" STBNo="000093873693" />
  <Consumer ConsumerId="171" Name="VIRENDRAYADAV" PhoneNo="7380922687" Area="AWAS VIKAS  NO 3" Address="5096" STBNo="000093918120" />
  <Consumer ConsumerId="172" Name="AMIT TIWARI" PhoneNo="9026659565" Area="AWAS VIKAS  NO 3" Address="4085" STBNo="000093248334" />
  <Consumer ConsumerId="173" Name="RAJNISH YADAV" PhoneNo="9838715530" Area="AWAS VIKAS  NO 3" Address="EWS-4650" STBNo="000093935849" />
  <Consumer ConsumerId="174" Name="KHEM CHANDRA" PhoneNo="9415538798" Area="AWAS VIKAS  NO 3" Address="EWS-4529" STBNo="000093251866" />
  <Consumer ConsumerId="175" Name="SUHAS GUPTA" PhoneNo="9415536226" Area="AWAS VIKAS  NO 3" Address="PLOT NO.4026" STBNo="000100700392" />
  <Consumer ConsumerId="176" Name="SHRUTI SHUKLA" PhoneNo="7607059048" Area="AWAS VIKAS  NO 3" Address="PLOT NO.5086" STBNo="000093095198" />
  <Consumer ConsumerId="177" Name="SAYAM SUNDAR" PhoneNo="8726796640" Area="AWAS VIKAS  NO 3" Address="PLOT NO.4027" STBNo="000093242659" />
  <Consumer ConsumerId="178" Name="VISHNU" PhoneNo="7275910878" Area="AWAS VIKAS  NO 3" Address="EWS-4437" STBNo="000093936441" />
  <Consumer ConsumerId="179" Name="GAVRAV MIJHRA" PhoneNo="9997064433" Area="AWAS VIKAS  NO 3" Address="EWS-4304" STBNo="000093939916" />
  <Consumer ConsumerId="180" Name="AVINASH KUMAR" PhoneNo="9005296095" Area="AWAS VIKAS  NO 3" Address="EWS-5098" STBNo="000093963437" />
  <Consumer ConsumerId="181" Name="PRINCE" PhoneNo="8707481652" Area="AWAS VIKAS  NO 3" Address="5009" STBNo="000100224948" />
  <Consumer ConsumerId="182" Name="DEVI DEEN DAS" PhoneNo="9044145180" Area="AWAS VIKAS  NO 3" Address="5227" STBNo="000093251403" />
  <Consumer ConsumerId="183" Name="GRURAV MIJHRA" PhoneNo="9997064433" Area="AWAS VIKAS  NO 3" Address="EWS-4340 B" STBNo="000093939932" />
  <Consumer ConsumerId="184" Name="ADITYA KUMAR SRIVASTAVA" PhoneNo="9621486700" Area="AWAS VIKA SNO 3" Address="PIOT NO.4008" STBNo="000100761535" />
  <Consumer ConsumerId="185" Name="OMKAR NATH SRIVASTAWA" PhoneNo="9450844899" Area="AWAS VIKA SNO 3" Address="EWS-5076" STBNo="000213983620" />
  <Consumer ConsumerId="186" Name="J.N.SINGH" PhoneNo="9451521325" Area="AWAS VIKAS  NO 3" Address="PLOT NO.4478" STBNo="000100097971" />
  <Consumer ConsumerId="187" Name="PURAN CHANDRA GUPTA" PhoneNo="9935307958" Area="AWAS VIKAS  NO 3" Address="EWS-5234" STBNo="000093916955" />
  <Consumer ConsumerId="188" Name="DINESH KUMAR" PhoneNo="7526028284" Area="AWAS VIKAS  NO 3" Address="EWS-5082" STBNo="000093145647" />
  <Consumer ConsumerId="189" Name="JOHN ALEXANDER" PhoneNo="8303437440" Area="AWAS VIKAS  NO 3" Address="EWS-5112" STBNo="000093266567" />
  <Consumer ConsumerId="190" Name="MEENAKSHI KATIYAR" PhoneNo="7007912433" Area="AWAS VIKAS  NO 3" Address="4040" STBNo="000093913804" />
  <Consumer ConsumerId="191" Name="PRADEEP KUSHWAHA" PhoneNo="3450140863" Area="AWAS VIKAS  NO 3" Address="EWS-5101" STBNo="000093963262" />
  <Consumer ConsumerId="192" Name="GAJENDRA SINGH" PhoneNo="8858916390" Area="AWAS VIKAS  NO 3" Address="EWS-4191" STBNo="000006515040" />
  <Consumer ConsumerId="193" Name="SUDHA" PhoneNo="9935761254" Area="AWAS VIKAS  NO 3" Address="4087" STBNo="000093248367" />
  <Consumer ConsumerId="194" Name="AMIT PATEL" PhoneNo="7355220226" Area="AWAS VIKAS  NO 3" Address="4458" STBNo="000092965532" />
  <Consumer ConsumerId="195" Name="ADITYA PRAKASH TRIVEDI" PhoneNo="7081678116" Area="AWAS VIKAS  NO 3" Address="4087 B" STBNo="000092713866" />
  <Consumer ConsumerId="196" Name="KAUSHAL KUMAR PAL" PhoneNo="7388489958" Area="AWAS VIKAS  NO 3" Address="EWS-4368" STBNo="000093240653" />
  <Consumer ConsumerId="197" Name="CHANDAN VISHNOI" PhoneNo="9580268114" Area="AWAS VIKAS  NO 3" Address="EWS-4255" STBNo="000093264653" />
  <Consumer ConsumerId="198" Name="RAMESH SAVITA" PhoneNo="8799116367" Area="AWAS VIKAS  NO 3" Address="EWS-4168" STBNo="000093145035" />
  <Consumer ConsumerId="199" Name="AMLENDRA KUMAR RAJPOOT" PhoneNo="8896528281" Area="AWAS VIKAS  NO 3" Address="PLOT NO.4759" STBNo="000092915933" />
  <Consumer ConsumerId="200" Name="JITENDRA AGNIHOTRI" PhoneNo="8960982809" Area="AWAS VIKAS  NO 3" Address="EWS-4865" STBNo="000093356152" />
  <Consumer ConsumerId="201" Name="LUCKY KUMAR" PhoneNo="7985409933" Area="AWAS VIKAS  NO 3" Address="EWS-4706" STBNo="000100221381" />
  <Consumer ConsumerId="202" Name="PPOOJA DIXIT" PhoneNo="9997978104" Area="AWAS VIKAS  NO 3" Address="EWS-4843" STBNo="000213983794" />
  <Consumer ConsumerId="203" Name="RIZWANA BANO" PhoneNo="7754931972" Area="AWAS VIKAS  NO 3" Address="EWS-4835" STBNo="00093939379" />
  <Consumer ConsumerId="204" Name="PRAFFUL SONKAR" PhoneNo="7376249730" Area="AWAS VIKAS  NO 3" Address="EWS-5237" STBNo="000092938679" />
  <Consumer ConsumerId="205" Name="RAMASRAMASHANKAR RAM" PhoneNo="9415736303" Area="AWAS VIKAS  NO 3" Address="EWS-4550" STBNo="000092915636" />
  <Consumer ConsumerId="206" Name="TRIBHUWAN LAL SHARMA" PhoneNo="8853114400" Area="AWAS VIKAS  NO 3" Address="EWS-4745" STBNo="000092916014" />
  <Consumer ConsumerId="207" Name="RAM SINGH PAL" PhoneNo="7275167279" Area="AWAS VIKAS  NO 3" Address="EWS-4918" STBNo="000093962215" />
  <Consumer ConsumerId="208" Name="AWADHESH KUMAR MISHRA" PhoneNo="9450155527" Area="AWAS VIKAS  NO 3" Address="EWS-4172" STBNo="000213493653" />
  <Consumer ConsumerId="209" Name="PRIYANSHU" PhoneNo="7380422940" Area="AWAS VIKAS  NO 3" Address="EWS-3586" STBNo="000093249092" />
  <Consumer ConsumerId="210" Name="SHIKHA SRIVASTAVA" PhoneNo="9450135256" Area="AWAS VIKAS  NO 3" Address="EWS-4829" STBNo="000093266625" />
  <Consumer ConsumerId="211" Name="REENA BOSE" PhoneNo="9336218342" Area="AWAS VIKAS  NO 3" Address="EWS-4163" STBNo="00092933530" />
  <Consumer ConsumerId="212" Name="ANITA VERMA" PhoneNo="9839202745" Area="AWAS VIKAS  NO 3" Address="EWS-4228" STBNo="000093962157" />
  <Consumer ConsumerId="213" Name="NAMITA BHATTACHARYA" PhoneNo="7571924780" Area="AWAS VIKAS  NO 3" Address="EWS-4906" STBNo="000093231074" />
  <Consumer ConsumerId="214" Name="AYUSH PANDEY" PhoneNo="9616812821" Area="AWAS VIKAS  NO 3" Address="EWS-4122" STBNo="000093905511" />
  <Consumer ConsumerId="215" Name="PTYU DEV" PhoneNo="9580133479" Area="AWAS VIKAS  NO 3" Address="EWS-4665" STBNo="000093914109" />
  <Consumer ConsumerId="216" Name="RANI DEVI" PhoneNo="9839634546" Area="AWAS VIKAS  NO 3" Address="EWS-4486" STBNo="000093311090" />
  <Consumer ConsumerId="217" Name="PRAVEEN SHUKLA" PhoneNo="9026566143" Area="AWAS VIKAS  NO 3" Address="EWS-4687" STBNo="000093264273" />
  <Consumer ConsumerId="218" Name="VIPIN SINGH" PhoneNo="9336108415" Area="AWAS VIKAS  NO 3" Address="EWS-4905" STBNo="000093962181" />
  <Consumer ConsumerId="219" Name="ASHOK PANDEY" PhoneNo="9616804634" Area="AWAS VIKAS  NO 3" Address="EWS-4997" STBNo="000093306637" />
  <Consumer ConsumerId="220" Name="VINAY KUMAR VERMA" PhoneNo="6392360850" Area="AWAS VIKAS  NO 3" Address="EWS-9330" STBNo="000093305951" />
  <Consumer ConsumerId="221" Name="VINOD KATIYAR" PhoneNo="8924830274" Area="AWAS VIKAS  NO 3" Address="EWS-4150" STBNo="000093220648" />
  <Consumer ConsumerId="222" Name="MRS. SHCCLA TIWARI" PhoneNo="9235859155" Area="AWAS VIKAS  NO 3" Address="PLOT NO.4467" STBNo="000093359172" />
  <Consumer ConsumerId="223" Name="AWADHESHKUMAR TIWARI" PhoneNo="6392088259" Area="AWAS VIKAS  NO 3" Address="EWS-4949" STBNo="000032376501" />
  <Consumer ConsumerId="224" Name="NARAYAN TANDON" PhoneNo="8604095045" Area="AWAS VIKAS  NO 3" Address="EWS-5099" STBNo="000093963403" />
  <Consumer ConsumerId="225" Name="RADHA RANI" PhoneNo="9889655105" Area="AWAS VIKAS  NO 3" Address="EWS-5114" STBNo="000093266732" />
  <Consumer ConsumerId="226" Name="RADHA RANI" PhoneNo="9889655101" Area="AWAS VIKAS  NO 3" Address="EWS-5114 B" STBNo="000092709344" />
  <Consumer ConsumerId="227" Name="ANUL KATIYAR" PhoneNo="9616073592" Area="AWAS VIKAS  NO 3" Address="5038" STBNo="000093146280" />
  <Consumer ConsumerId="228" Name="DHARMENDRA KUMAR VERMA" PhoneNo="9919547555" Area="AWAS VIKAS  NO 3" Address="EWS-4363" STBNo="000093962249" />
  <Consumer ConsumerId="229" Name="UU.N.SHARMA" PhoneNo="9794919336" Area="AWAS VIKAS  NO 3" Address="H.NO.4476" STBNo="000093162469" />
  <Consumer ConsumerId="230" Name="AKHIL KUMAR TIWARI" PhoneNo="9616938992" Area="AWAS VIKAS  NO 3" Address="EWS-4856" STBNo="000213983554" />
  <Consumer ConsumerId="231" Name="ASHOK KUMAR DASS" PhoneNo="9956445954" Area="AWAS VIKAS  NO 3" Address="EWS-4115" STBNo="000093913788" />
  <Consumer ConsumerId="232" Name="GOPAL" PhoneNo="8303609394" Area="AWAS VIKAS  NO 3" Address="EWS-4165" STBNo="000093220820" />
  <Consumer ConsumerId="233" Name="SHIV PAL DIWAKAR" PhoneNo="8765071082" Area="AWAS VIKAS  NO 3" Address="EWS-4838" STBNo="000093938165" />
  <Consumer ConsumerId="234" Name="RAVI SINGH PAWAR" PhoneNo="9307705436" Area="AWAS VIKAS  NO 3" Address="EWS-2663" STBNo="000100470350" />
  <Consumer ConsumerId="235" Name="SH0BHIT SAXENA" PhoneNo="9140451485" Area="AWAS VIKAS  NO 3" Address="LIG-1207" STBNo="000093881274" />
  <Consumer ConsumerId="236" Name="D.S.SAXENA" PhoneNo="9935395752" Area="AWAS VIKAS  NO 3" Address="LIG-1207 B" STBNo="000092895671" />
  <Consumer ConsumerId="237" Name="BRIJESH" PhoneNo="9935264791" Area="AWAS VIKAS  NO 3" Address="EWS-3283" STBNo="000092826452" />
  <Consumer ConsumerId="238" Name="VIJAY SINGH" PhoneNo="9454831081" Area="AWAS VIKAS  NO 3" Address="EWS-2839" STBNo="000093873735" />
  <Consumer ConsumerId="239" Name="GHANSHYAM DUBEY" PhoneNo="8960048065" Area="AWAS VIKAS  NO 3" Address="2233 B" STBNo="000093907749" />
  <Consumer ConsumerId="240" Name="SUNEETA PANDEY" PhoneNo="7607486001" Area="AWAS VIKAS  NO 3" Address="PLOT NO.297/1" STBNo="000093881936" />
  <Consumer ConsumerId="241" Name="ANUP KUMAR DUBEY" PhoneNo="6306906013" Area="AWAS VIKAS  NO 3" Address="7197" STBNo="000093939668" />
  <Consumer ConsumerId="242" Name="BUBBY MOTORS" PhoneNo="9335959513" Area="AWAS VIKAS  NO 3" Address="AC-22" STBNo="000092895838" />
  <Consumer ConsumerId="243" Name="SHUSHIL KUMAR" PhoneNo="9335959513" Area="AWAS VIKAS  NO 3" Address="LIG-1451" STBNo="000100752344" />
  <Consumer ConsumerId="244" Name="ARVIND KUMAR YADAV" PhoneNo="6394954974" Area="AWAS VIKAS  NO 3" Address="EWS-4075" STBNo="000093220614" />
  <Consumer ConsumerId="245" Name="ALOK TIWARI" PhoneNo="9198906045" Area="AWAS VIKAS  NO 3" Address="EWS-3319" STBNo="000208697854" />
  <Consumer ConsumerId="246" Name="KETAN" PhoneNo="9458582444" Area="AWAS VIKAS  NO 3" Address="LIG-1444" STBNo="000100323633" />
  <Consumer ConsumerId="247" Name="JEETESH CHANDHNY" PhoneNo="9005437380" Area="AWAS VIKAS  NO 3" Address="LIG-40" STBNo="000032706962" />
  <Consumer ConsumerId="248" Name="NAVEEN MISHRA" PhoneNo="9451544341" Area="AWAS VIKAS  NO 3" Address="2864" STBNo="000093964443" />
  <Consumer ConsumerId="249" Name="ANUJ" PhoneNo="7985510340" Area="AWAS VIKAS  NO 3" Address="EWS-4187" STBNo="000093187904" />
  <Consumer ConsumerId="250" Name="PRAKASH" PhoneNo="9305255413" Area="AWAS VIKAS  NO 3" Address="EWS-766" STBNo="000093358927" />
  <Consumer ConsumerId="251" Name="VINOD KUMAR" PhoneNo="8354849758" Area="AWAS VIKAS  NO 3" Address="1340" STBNo="000100595222" />
  <Consumer ConsumerId="252" Name="B.K.PHILLIPS" PhoneNo="9621579411" Area="AWAS VIKAS  NO 3" Address="LIG-1378" STBNo="000092915313" />
  <Consumer ConsumerId="253" Name="SHITHA SRIVASHAVA" PhoneNo="8577848549" Area="AWAS VIKAS  NO 3" Address="EWS-3218" STBNo="000206593030" />
  <Consumer ConsumerId="254" Name="AJAY BHASKAR" PhoneNo="8960544541" Area="AWAS VIKAS  NO 3" Address="2548" STBNo="000093935310" />
  <Consumer ConsumerId="255" Name="RAVI KUMAR" PhoneNo="9616664145" Area="AWAS VIKAS  NO 3" Address="EWS-2929" STBNo="000100700277" />
  <Consumer ConsumerId="256" Name="JITENDRA YADAV" PhoneNo="9936622990" Area="AMBDEKERPURAM" Address="4/301" STBNo="000093007938" />
  <Consumer ConsumerId="257" Name="PAMAN SRIVASHTAV" PhoneNo="9451792757" Area="AWAS VIKAS  NO 3" Address="EWS-1031" STBNo="000093916062" />
  <Consumer ConsumerId="258" Name="U.N.SHARMA" PhoneNo="9336105330" Area="AWAS VIKAS  NO 3" Address="PLOT NO. 4476 B" STBNo="000093162469" />
  <Consumer ConsumerId="259" Name="NARENDER GURUNG" PhoneNo="7905190024" Area="AWAS VIKAS  NO 3" Address="LIG-1446" STBNo="000093961076" />
  <Consumer ConsumerId="260" Name="ANIL SONKAR" PhoneNo="9335298667" Area="AWAS VIKAS  NO 3" Address="LIG-1244" STBNo="000093148039" />
  <Consumer ConsumerId="261" Name="D.D.SINGH" PhoneNo="9621256733" Area="AWAS VIKAS  NO 3" Address="LIG-1638" STBNo="000093009637" />
  <Consumer ConsumerId="262" Name="VIRENDRA NATH MISHRA" PhoneNo="9670114646" Area="AWAS VIKAS  NO 3" Address="LIG-1377" STBNo="000092915354" />
  <Consumer ConsumerId="263" Name="VEENA DEVI" PhoneNo="7860231164" Area="AWAS VIKAS  NO 3" Address="EWS-162" STBNo="000093313864" />
  <Consumer ConsumerId="264" Name="KAMLESH KUMARI" PhoneNo="9453561304" Area="AWAS VIKAS  NO 3" Address="LIG-1444" STBNo="000093961027" />
  <Consumer ConsumerId="265" Name="VARUNESH SINGH" PhoneNo="7007185960" Area="AWAS VIKAS  NO 3" Address="1116" STBNo="000093010783" />
  <Consumer ConsumerId="266" Name="RAM BABU" PhoneNo="9839747816" Area="AWAS VIKAS  NO 3" Address="1148" STBNo="000213383425" />
  <Consumer ConsumerId="267" Name="S.N. MISHRA" PhoneNo="8960807337" Area="AWAS VIKAS  NO 3" Address="LIG-1322" STBNo="000093919231" />
  <Consumer ConsumerId="268" Name="S.N. MISHRA" PhoneNo="8960807337" Area="AWAS VIKAS  NO 3" Address="LIG-1392 B" STBNo="000093919215" />
  <Consumer ConsumerId="269" Name="MR. ANIL KUMAR TIWARI" PhoneNo="9450341258" Area="AWAS VIKAS  NO 3" Address="LIG-1438" STBNo="000093909695" />
  <Consumer ConsumerId="270" Name="RAM RAJ" PhoneNo="7706820200" Area="AWAS VIKAS  NO 3" Address="LIG-1346" STBNo="000092895572" />
  <Consumer ConsumerId="271" Name="VIDYA SINGH" PhoneNo="9559753928" Area="AWAS VIKAS  NO 3" Address="LIG-1424" STBNo="000093145969" />
  <Consumer ConsumerId="272" Name="SUMAN LATA RATHORE" PhoneNo="9161253311" Area="AWAS VIKAS  NO 3" Address="1524" STBNo="000093010239" />
  <Consumer ConsumerId="273" Name="RAJU VERMA" PhoneNo="8052318134" Area="AWAS VIKAS  NO 3" Address="LIG-1562" STBNo="000093915254" />
  <Consumer ConsumerId="274" Name="RAJAN BAJPAI" PhoneNo="9453438754" Area="AWAS VIKAS  NO 3" Address="LIG- 1363" STBNo="000093146017" />
  <Consumer ConsumerId="275" Name="RAJ BAHADUR" PhoneNo="9935448374" Area="AWAS VIKAS  NO 3" Address="PLOT NO.1685" STBNo="000100758820" />
  <Consumer ConsumerId="276" Name="AMIT KUMAR MISHRA" PhoneNo="9918716842" Area="AWAS VIKAS  NO 3" Address="LIG-1513" STBNo="000092912187" />
  <Consumer ConsumerId="277" Name="AMIT KUMAR MISHRA" PhoneNo="9918716842" Area="AWAS VIKAS  NO 3" Address="LIG-1513" STBNo="000093964195" />
  <Consumer ConsumerId="278" Name="AMIT KUMAR MISHRA" PhoneNo="9918716842" Area="AWAS VIKAS  NO 3" Address="LIG-1513 B" STBNo="000093909836" />
  <Consumer ConsumerId="279" Name="SITARAM" PhoneNo="9936165320" Area="AWAS VIKAS  NO 3" Address="LIG-1637" STBNo="000093011047" />
  <Consumer ConsumerId="280" Name="AMIT KUMAR MISHRA" PhoneNo="9918716842" Area="AWAS VIKAS  NO 3" Address="LIG-1513 C" STBNo="000100604651" />
  <Consumer ConsumerId="281" Name="AJAY AWASTHI" PhoneNo="8707738733" Area="AWAS VIKAS  NO 3" Address="LIG-2053" STBNo="000093147726" />
  <Consumer ConsumerId="282" Name="MR. RAM BHAROSE" PhoneNo="8957936345" Area="AWAS VIKAS  NO 3" Address="EWS-5105" STBNo="000093938074" />
  <Consumer ConsumerId="283" Name="DHEERENDRA KUMAR BAJPAI" PhoneNo="9935454518" Area="AWAS VIKAS  NO 3" Address="EWS-3155" STBNo="000092701234" />
  <Consumer ConsumerId="284" Name="PREM PRAKASH DWIVEDI" PhoneNo="9628782377" Area="AWAS VIKAS  NO 3" Address="LIG-1629" STBNo="000093963239" />
  <Consumer ConsumerId="285" Name="RADHEY SHYAM PAL" PhoneNo="8853002202" Area="AWAS VIKAS  NO 3" Address="EWS-3359" STBNo="000092912179" />
  <Consumer ConsumerId="286" Name="PREM SHANKAR DIXIT" PhoneNo="9839541582" Area="AWAS VIKAS  NO 3" Address="PLOT NO.1507" STBNo="000093961225" />
  <Consumer ConsumerId="287" Name="DEEPAK SINGH" PhoneNo="9198412792" Area="AWAS VIKAS  NO 3" Address="LIG-1483" STBNo="000093961134" />
  <Consumer ConsumerId="288" Name="DRIGANCHAL SRIVASTAVA" PhoneNo="9839117378" Area="AWAS VIKAS  NO 3" Address="LIG-1407" STBNo="000093918894" />
  <Consumer ConsumerId="289" Name="PARVATI SHARMA" PhoneNo="8574285942" Area="AWAS VIKAS  NO 3" Address="LIG-1201" STBNo="000093917003" />
  <Consumer ConsumerId="290" Name="B.C. TIWARI" PhoneNo="9450938160" Area="AWAS VIKAS  NO 3" Address="LIG-1195" STBNo="000093095719" />
  <Consumer ConsumerId="291" Name="SUFLA TRIPATHI" PhoneNo="9936110078" Area="AWAS VIKAS  NO 3" Address="1580" STBNo="000093223659" />
  <Consumer ConsumerId="292" Name="KISHAN SINGH" PhoneNo="9839583225" Area="AWAS VIKAS  NO 3" Address="EWS 2538" STBNo="000092713189" />
</Consumers>