﻿<?xml version="1.0" encoding="utf-8"?>
<SMSFailureLog>
  <SMS PhoneNo="9793997001" IsSucecss="False" LogTime="2/18/2019 10:01:32 AM" Message="Dear Customer, You have subscribed 114 channels for INR 250. Thank you for choosing Vishal Cable Network." GatewayResponse="{&quot;warnings&quot;:[{&quot;message&quot;:&quot;Number is in DND&quot;,&quot;numbers&quot;:&quot;919793997001&quot;}],&quot;errors&quot;:[{&quot;code&quot;:51,&quot;message&quot;:&quot;No valid numbers specified&quot;}],&quot;status&quot;:&quot;failure&quot;}" />
  <SMS PhoneNo="9984724730" IsSucecss="False" LogTime="2/18/2019 10:11:02 AM" Message="Dear Customer, You have subscribed 100 channels for INR 419. Thank you for choosing Vishal Cable Network." GatewayResponse="{&quot;warnings&quot;:[{&quot;message&quot;:&quot;Number is in DND&quot;,&quot;numbers&quot;:&quot;919984724730&quot;}],&quot;errors&quot;:[{&quot;code&quot;:51,&quot;message&quot;:&quot;No valid numbers specified&quot;}],&quot;status&quot;:&quot;failure&quot;}" />
  <SMS PhoneNo="9598703304" IsSucecss="False" LogTime="2/18/2019 10:22:13 AM" Message="Dear Customer, You have subscribed 106 channels for INR 254. Thank you for choosing Vishal Cable Network." GatewayResponse="{&quot;warnings&quot;:[{&quot;message&quot;:&quot;Number is in DND&quot;,&quot;numbers&quot;:&quot;919598703304&quot;}],&quot;errors&quot;:[{&quot;code&quot;:51,&quot;message&quot;:&quot;No valid numbers specified&quot;}],&quot;status&quot;:&quot;failure&quot;}" />
  <SMS PhoneNo="9839745331" IsSucecss="False" LogTime="2/18/2019 10:24:47 AM" Message="Dear Customer, You have subscribed 112 channels for INR 223. Thank you for choosing Vishal Cable Network." GatewayResponse="{&quot;warnings&quot;:[{&quot;message&quot;:&quot;Number is in DND&quot;,&quot;numbers&quot;:&quot;919839745331&quot;}],&quot;errors&quot;:[{&quot;code&quot;:51,&quot;message&quot;:&quot;No valid numbers specified&quot;}],&quot;status&quot;:&quot;failure&quot;}" />
  <SMS PhoneNo="9792970026" IsSucecss="False" LogTime="2/18/2019 10:29:52 AM" Message="Dear Customer, You have subscribed 100 channels for INR 307. Thank you for choosing Vishal Cable Network." GatewayResponse="{&quot;warnings&quot;:[{&quot;message&quot;:&quot;Number is in DND&quot;,&quot;numbers&quot;:&quot;919792970026&quot;}],&quot;errors&quot;:[{&quot;code&quot;:51,&quot;message&quot;:&quot;No valid numbers specified&quot;}],&quot;status&quot;:&quot;failure&quot;}" />
  <SMS PhoneNo="9415213589" IsSucecss="False" LogTime="2/18/2019 10:36:05 AM" Message="Dear Customer, You have subscribed 100 channels for INR 307. Thank you for choosing Vishal Cable Network." GatewayResponse="{&quot;warnings&quot;:[{&quot;message&quot;:&quot;Number is in DND&quot;,&quot;numbers&quot;:&quot;919415213589&quot;}],&quot;errors&quot;:[{&quot;code&quot;:51,&quot;message&quot;:&quot;No valid numbers specified&quot;}],&quot;status&quot;:&quot;failure&quot;}" />
  <SMS PhoneNo="9453046955" IsSucecss="False" LogTime="2/18/2019 10:42:33 AM" Message="Dear Customer, You have subscribed 141 channels for INR 280. Thank you for choosing Vishal Cable Network." GatewayResponse="{&quot;warnings&quot;:[{&quot;message&quot;:&quot;Number is in DND&quot;,&quot;numbers&quot;:&quot;919453046955&quot;}],&quot;errors&quot;:[{&quot;code&quot;:51,&quot;message&quot;:&quot;No valid numbers specified&quot;}],&quot;status&quot;:&quot;failure&quot;}" />
  <SMS PhoneNo="9453046955" IsSucecss="False" LogTime="2/18/2019 4:50:58 PM" Message="Dear Customer, You have subscribed 124 channels for INR 231. Thank you for choosing Vishal Cable Network." GatewayResponse="{&quot;warnings&quot;:[{&quot;message&quot;:&quot;Number is in DND&quot;,&quot;numbers&quot;:&quot;919453046955&quot;}],&quot;errors&quot;:[{&quot;code&quot;:51,&quot;message&quot;:&quot;No valid numbers specified&quot;}],&quot;status&quot;:&quot;failure&quot;}" />
  <SMS PhoneNo="8853002202" IsSucecss="False" LogTime="2/18/2019 5:02:09 PM" Message="Dear Customer, You have subscribed 144 channels for INR 349. Thank you for choosing Vishal Cable Network." GatewayResponse="{&quot;warnings&quot;:[{&quot;message&quot;:&quot;Number is in DND&quot;,&quot;numbers&quot;:&quot;918853002202&quot;}],&quot;errors&quot;:[{&quot;code&quot;:51,&quot;message&quot;:&quot;No valid numbers specified&quot;}],&quot;status&quot;:&quot;failure&quot;}" />
  <SMS PhoneNo="7800290499" IsSucecss="False" LogTime="2/18/2019 5:15:14 PM" Message="Dear Customer, You have subscribed 108 channels for INR 293. Thank you for choosing Vishal Cable Network." GatewayResponse="The remote name could not be resolved: 'api.textlocal.in'" />
  <SMS PhoneNo="8765380885" IsSucecss="False" LogTime="2/18/2019 5:17:10 PM" Message="Dear Customer, You have subscribed 153 channels for INR 362. Thank you for choosing Vishal Cable Network." GatewayResponse="The remote name could not be resolved: 'api.textlocal.in'" />
  <SMS PhoneNo="9935759732" IsSucecss="False" LogTime="2/18/2019 5:19:21 PM" Message="Dear Customer, You have subscribed 100 channels for INR 307. Thank you for choosing Vishal Cable Network." GatewayResponse="The remote name could not be resolved: 'api.textlocal.in'" />
  <SMS PhoneNo="9839541582" IsSucecss="False" LogTime="2/18/2019 5:22:16 PM" Message="Dear Customer, You have subscribed 101 channels for INR 189. Thank you for choosing Vishal Cable Network." GatewayResponse="The remote name could not be resolved: 'api.textlocal.in'" />
  <SMS PhoneNo="8090811636" IsSucecss="False" LogTime="2/18/2019 5:27:04 PM" Message="Dear Customer, You have subscribed 126 channels for INR 299. Thank you for choosing Vishal Cable Network." GatewayResponse="The remote name could not be resolved: 'api.textlocal.in'" />
  <SMS PhoneNo="9198412792" IsSucecss="False" LogTime="2/18/2019 5:30:14 PM" Message="Dear Customer, You have subscribed 111 channels for INR 263. Thank you for choosing Vishal Cable Network." GatewayResponse="The remote name could not be resolved: 'api.textlocal.in'" />
  <SMS PhoneNo="8707881107" IsSucecss="False" LogTime="2/18/2019 5:34:23 PM" Message="Dear Customer, You have subscribed 161 channels for INR 398. Thank you for choosing Vishal Cable Network." GatewayResponse="The remote name could not be resolved: 'api.textlocal.in'" />
  <SMS PhoneNo="8005384185" IsSucecss="False" LogTime="2/18/2019 5:41:54 PM" Message="Dear Customer, You have subscribed 142 channels for INR 306. Thank you for choosing Vishal Cable Network." GatewayResponse="The remote name could not be resolved: 'api.textlocal.in'" />
  <SMS PhoneNo="9919765277" IsSucecss="False" LogTime="2/18/2019 5:49:19 PM" Message="Dear Customer, You have subscribed 119 channels for INR 286. Thank you for choosing Vishal Cable Network." GatewayResponse="The remote name could not be resolved: 'api.textlocal.in'" />
  <SMS PhoneNo="9839583225" IsSucecss="False" LogTime="2/19/2019 9:57:33 PM" Message="Dear Customer, You have subscribed 118 channels for INR 309. Thank you for choosing Vishal Cable Network." GatewayResponse="{&quot;errors&quot;:[{&quot;code&quot;:192,&quot;message&quot;:&quot;Messages can only be sent between 9am to 9pm as restricted by TRAI NCCP regulation&quot;}],&quot;status&quot;:&quot;failure&quot;}" />
</SMSFailureLog>